{
    "dataset": "KITTI",
    "task": "tracking",
    "weather": "sunny",
    "sequence": 0,
    "bg_index": 6,
    "vehicles": [
        {
            "obj_index": 1,
            "location": [
                5.546377634993966,
                3.3744429797373385,
                -1.2823673312353039
            ],
            "rotation": -3.5140447855377577,
            "scale": 1
        }
    ],
    "nums_vehicles": 1
}