{
    "dataset": "KITTI",
    "task": "tracking",
    "weather": "sunny",
    "sequence": 0,
    "bg_index": 0,
    "vehicles": [
        {
            "obj_index": 1,
            "location": [
                3.508379763110277,
                3.1093358003636196,
                -1.3122345783893934
            ],
            "rotation": -13.738217269579607,
            "scale": 1
        }
    ],
    "nums_vehicles": 1
}