{
    "dataset": "KITTI",
    "task": "tracking",
    "weather": "sunny",
    "sequence": 0,
    "bg_index": 8,
    "vehicles": [
        {
            "obj_index": 1,
            "location": [
                6.22247731185404,
                3.2732088004731716,
                -1.3139724634188616
            ],
            "rotation": -1.8137719936633518,
            "scale": 1
        }
    ],
    "nums_vehicles": 1
}