{
    "dataset": "KITTI",
    "task": "tracking",
    "weather": "sunny",
    "sequence": 0,
    "bg_index": 5,
    "vehicles": [
        {
            "obj_index": 1,
            "location": [
                5.184252751870552,
                3.4015309292513916,
                -1.2684204881755763
            ],
            "rotation": -4.770287838242369,
            "scale": 1
        }
    ],
    "nums_vehicles": 1
}