{
    "dataset": "KITTI",
    "task": "tracking",
    "weather": "sunny",
    "sequence": 0,
    "bg_index": 9,
    "vehicles": [
        {
            "obj_index": 1,
            "location": [
                6.541210821276442,
                3.218141479338826,
                -1.3126600051372073
            ],
            "rotation": -1.4006692719136236,
            "scale": 1
        }
    ],
    "nums_vehicles": 1
}